index,url,valid,domain,title,description,image,published,archive,content,quote,language,keyword
https://www.stern.de/sport/skisprung-saisonstart--knie-kaputt--wellinger-selbsbewusst---bin-voll-motiviert---32872460.html,https://www.stern.de/sport/skisprung-saisonstart--knie-kaputt--wellinger-selbsbewusst---bin-voll-motiviert---32872460.html,0,www.stern.de,"Skisprung-Saisonstart: Knie kaputt, Wellinger selbsbewusst: ""Bin voll motiviert""","Vier quälend lange Winter hat Skispringer Andreas Wellinger seit seinem Olympiasieg hinter sich. Der Körper ist zwar nicht voll in Ordnung, doch die Zeichen stehen auf eine Rückkehr nach ganz oben.",https://image.stern.de/32872462/t/ox/v1/w1440/r1.7778/-/02--urnnewsmldpacom2009010122110299354137v3w800h600l750t478r2030b1421jpeg---8c70440ce406de1c.jpg,2022-11-02T10:51:16Z,https://web.archive.org/web/20221102112819/https://www.stern.de/sport/skisprung-saisonstart--knie-kaputt--wellinger-selbsbewusst---bin-voll-motiviert---32872460.html,"Vier quälend lange Winter hat Skispringer Andreas Wellinger seit seinem Olympiasieg hinter sich. Der Körper ist zwar nicht voll in Ordnung, doch die Zeichen stehen auf eine Rückkehr nach ganz oben.
… [+3715 chars]",,de,'Ski Winter'
https://www.bild.de/regional/ruhrgebiet/ruhrgebiet-aktuell/wohnen-wie-im-sueden-duisburg-bekommt-kleine-algarve-81820228.bild.html,https://www.bild.de/regional/ruhrgebiet/ruhrgebiet-aktuell/wohnen-wie-im-sueden-duisburg-bekommt-kleine-algarve-81820228.bild.html,0,www.bild.de,Wohnen wie im Süden - Duisburg bekommt kleine Algarve,"Das klingt nach Atlantikwellen am Rhein. „Algarve“ heißt das Bauprojekt, das auf fast 10 Hektar Fläche in Duisburg-Wanheimerort entstehen soll.","https://images.bild.de/636396dee146ff35a368ec64/0e9b5ed730b494e75106830a7e77b819,4334a9cf?w=1280",2022-11-03T10:32:42Z,https://web.archive.org/web/20221103103548/http://www.bild.de/regional/ruhrgebiet/ruhrgebiet-aktuell/wohnen-wie-im-sueden-duisburg-bekommt-kleine-algarve-81820228.bild.html,"Duisburg Das klingt nach Atlantikwellen am Rhein. Algarve heißt das Bauprojekt, das auf fast 10 Hektar Fläche in Duisburg-Wanheimerort auf dem ehemaligen Gelände des Nutzfahrzeugherstellers Alga ents… [+586 chars]",,de,'Wohnen Fläche'
https://www.kicker.de/geiger-wir-koennen-skispringen-auch-ohne-schnee-anbieten-923991/artikel,https://www.kicker.de/geiger-wir-koennen-skispringen-auch-ohne-schnee-anbieten-923991/artikel,0,www.kicker.de,"Geiger: ""Wir können Skispringen auch ohne Schnee anbieten""",Er ist Olympia-Medaillengewinner und fünfmaliger Weltmeister. Skispringer Karl Geiger&nbsp;(29) über seinen sportlichen Lebenstraum und Änderungen in Zeiten der Energiekrise.,"https://derivates.kicker.de/image/upload/c_crop,x_129,y_204,w_3845,h_2163/w_1200,q_auto/v1/2022/11/02/ef51569c-fa00-458c-9513-7b057fd937ed.jpeg",2022-11-04T08:10:15Z,https://web.archive.org/web/20221104204923/https://www.kicker.de/geiger-wir-koennen-skispringen-auch-ohne-schnee-anbieten-923991/artikel,"Er ist Olympia-Medaillengewinner und fünfmaliger Weltmeister. Skispringer Karl Geiger (29) über seinen sportlichen Lebenstraum und Änderungen in Zeiten der Energiekrise. 
 Die Skispringer landen bei… [+6636 chars]",,de,'Ski Schnee'
https://www.stern.de/sport/saisonstart-in-wisla--xxl-winter-fuer-skispringer---geiger---bisschen-entzerrter--32878956.html,https://www.stern.de/sport/saisonstart-in-wisla--xxl-winter-fuer-skispringer---geiger---bisschen-entzerrter--32878956.html,0,www.stern.de,"Saisonstart in Wisla: XXL-Winter für Skispringer - Geiger: ""Bisschen entzerrter""","Für die Skispringer beginnt an diesem Wochenende ein ungewöhnlicher XXL-Winter. ""So eine lange Saison hatten wir noch nie. Es geht zwar früher los, aber es ist bis zur Vierschanzentournee alles ein bisschen entzerrter, da gibt es die ein oder andere ruhige Mi…",https://image.stern.de/32878958/t/bF/v1/w1440/r1.7778/-/04--urnnewsmldpacom2009010122110499382470v3w800h600l5t7r1285b767jpeg---3dad4b34f8fcfbf3.jpg,2022-11-04T08:41:45Z,https://web.archive.org/web/20221104085814/https://www.stern.de/sport/saisonstart-in-wisla--xxl-winter-fuer-skispringer---geiger---bisschen-entzerrter--32878956.html,"Für die Skispringer beginnt an diesem Wochenende ein ungewöhnlicher XXL-Winter. ""So eine lange Saison hatten wir noch nie. Es geht zwar früher los, aber es ist bis zur Vierschanzentournee alles ein b… [+1663 chars]",,de,'Ski Winter'
https://www.diepresse.com/6211329/stefan-kraft-der-flug-ins-gruene,https://www.diepresse.com/6211329/stefan-kraft-der-flug-ins-gruene,0,www.diepresse.com,Stefan Kraft: Der Flug ins Grüne [premium],"Skispringen ohne Schnee ist längst keine Fiktion mehr. Um im Live-TV zu bleiben, landen Stefan Kraft und Co jetzt beim Saisonstart in Wisla auf Matten. Das könnte richtungsweisend sein für den FIS-Weltcup. Aber Wehmut springt auch mit.",https://media.diepresse.com/social_diepresse_magazin_paid/images/uploads_1200/7/0/1/6211329/Stefan-Kraft-AUT-in-action-at-the-Ski-Flying-World-Cup-on-Heini-Klopfer-Schanze-in-Oberstdorf-Bavaria-Germany-Mar-18_1667576322299678.jpg,2022-11-04T16:26:00Z,https://web.archive.org/web/20221104215522/https://www.diepresse.com/6211329/stefan-kraft-der-flug-ins-gruene,"Skispringen ohne Schnee ist längst keine Fiktion mehr. Um im Live-TV zu bleiben, landen Stefan Kraft und Co jetzt beim Saisonstart in Wisla auf Matten. Das könnte richtungsweisend sein für den FIS-We… [+1185 chars]",,de,'Ski Schnee'
https://www.stern.de/sport/saisonstart--skispringen-im-gruenen----was-auf-matten-anders-ist-32882004.html,https://www.stern.de/sport/saisonstart--skispringen-im-gruenen----was-auf-matten-anders-ist-32882004.html,0,www.stern.de,Saisonstart: Skispringen im Grünen? - Was auf Matten anders ist,"Wenn die Skisprung-Fans heute um 16 Uhr den Fernseher (ARD und Eurosport) einschalten, dürften sie zumindest kurzzeitig verwundert sein. November, Winter, Weltcup - und das alles im Grünen?",https://image.stern.de/32882006/t/1O/v1/w1440/r1.7778/-/05--urnnewsmldpacom2009010122110599393646v3w800h600l640t397r1920b1191jpeg---3c98b050dbc80038.jpg,2022-11-05T07:16:25Z,https://web.archive.org/web/20221105072654/https://www.stern.de/sport/saisonstart--skispringen-im-gruenen----was-auf-matten-anders-ist-32882004.html,"Wenn die Skisprung-Fans heute um 16 Uhr den Fernseher (ARD und Eurosport) einschalten, dürften sie zumindest kurzzeitig verwundert sein. November, Winter, Weltcup - und das alles im Grünen? 
Wenn di… [+1665 chars]",,de,'Ski Winter'
https://www.auto-motor-und-sport.de/oldtimer/bmw-sammlung-2022/,https://www.auto-motor-und-sport.de/oldtimer/bmw-sammlung-2022/,0,www.auto-motor-und-sport.de,"BMW-Sammlung zu verkaufen: Traumautos von BMW: 507, CSL, M3 - Auto Motor und Sport",Am 26. November 2022 kommen in München fast 100 Jahre BMW-Geschichte unter den Hammer: RM Sotheby’s versteigert in der Motorworld München die Bavarian Legends Collection.,https://imgr1.auto-motor-und-sport.de/BMW-M3-E30-1989-Front-fotoshowBig-6b0a30e7-1947487.jpg,2022-11-05T23:04:02Z,https://web.archive.org/web/20221105235253/https://www.auto-motor-und-sport.de/oldtimer/bmw-sammlung-2022/,"Im Angebot ist eine Sammlung, die zwischen einem Dixi 3/15 von 1928 und einem BMW M3 CSL E46 von 2003 eine ganze Reihe Traumwagen aus Eisenach, München und Dingolfing enthält. Dazu kommen je ein Mini… [+5532 chars]",,de,'Auto'
https://orf.at/stories/3292594/,https://orf.at/stories/3292594/,0,orf.at,Hochwasser in Venedig,,https://orf.at/mojo/1_4_1/storyserver//news/common/images/og-fallback-news.png,2022-11-06T07:29:19Z,https://web.archive.org/web/20221106102126/https://orf.at/stories/3292594/,"Venedig ist wieder mit Hochwasser konfrontiert. Auf dem Markusplatz wurden heute etwa 20 Zentimeter Wasser gemeldet. Das Gezeitenzentrum der Stadtverwaltung berichtete, dass eine maximale Flut von 11… [+466 chars]",,de,'Hochwasser'
https://www.welt.de/sport/article241981247/Alles-gruen-Hier-sehen-Sie-den-Auftakt-in-den-Skisprung-Winter.html,https://www.welt.de/sport/article241981247/Alles-gruen-Hier-sehen-Sie-den-Auftakt-in-den-Skisprung-Winter.html,0,www.welt.de,Alles grün - Hier sehen Sie den Auftakt in den Weltcup-Winter,"Wegen der Fußball-WM starten die Skispringer sehr früh in die Saison. In Wisla gibt es keine Schneeflocke, der Klimawandel hat den Wintersport längst erreicht. Das Skispringen steht noch am besten da. Die Frage ist: Wie weit gehen die Fans mit?",https://img.welt.de/img/bildergalerien/mobile241982393/1551351607-ci16x9-w1200/SKI-JUMPING-WORLD-POL-MEN-QUALIFICATION.jpg,2022-11-06T10:42:25Z,https://web.archive.org/web/20221106104923/https://www.welt.de/sport/article241981247/Alles-gruen-Hier-sehen-Sie-den-Auftakt-in-den-Skisprung-Winter.html,Andreas Wellinger drückte sich ab und ging tief in die Hocke. Der Skispringer raste durch die Keramikspur an lilafarbenen Plastikplanen auf den Schanzentisch zu. Der 27-Jährige sprang ab und flog bei… [+4935 chars],,de,'Ski Schnee'
https://www.welt.de/vermischtes/video241986131/Venedig-Wasser-steht-einige-Zentimeter-hoch-auf-Markusplatz.html,https://www.welt.de/vermischtes/video241986131/Venedig-Wasser-steht-einige-Zentimeter-hoch-auf-Markusplatz.html,0,www.welt.de,Wasser steht einige Zentimeter hoch auf Markusplatz,Venedig ist wieder mit Hochwasser konfrontiert. Auf dem Markusplatz stand das Wasser mehrere Zentimeter hoch. Solche Hochwasser sind zu dieser Jahreszeit normal.,https://img.welt.de/img/videos/mobile241986361/8921358987-ci16x9-w1200/Basilica-of-San-Marco-On-St-Mark-s-Square-Faces-Flooding-In-Veni.jpg,2022-11-06T14:32:05Z,https://web.archive.org/web/20221106144839/https://www.welt.de/vermischtes/video241986131/Venedig-Wasser-steht-einige-Zentimeter-hoch-auf-Markusplatz.html,"Die WELT als ePaper: Die vollständige Ausgabe steht Ihnen bereits am Vorabend zur Verfügung so sind Sie immer hochaktuell informiert. Weitere Informationen: http://epaper.welt.de 
 Der Kurz-Link die… [+49 chars]",,de,'Hochwasser Wasser'
https://www.zeit.de/news/2022-11/07/hochwasser-app-meine-pegel-auch-in-luxemburg-verfuegbar,https://www.zeit.de/news/2022-11/07/hochwasser-app-meine-pegel-auch-in-luxemburg-verfuegbar,0,www.zeit.de,Regierung: Hochwasser-App «Meine Pegel» auch in Luxemburg verfügbar,,,2022-11-07T15:41:35Z,https://web.archive.org/web/20221107160831/https://www.zeit.de/news/2022-11/07/hochwasser-app-meine-pegel-auch-in-luxemburg-verfuegbar,"When browsing with ads:
We collect personal data and also transmit it to third-party providers
 that help us improve and finance our digital content. Some of the information stored on your device, … [+732 chars]",,de,'Hochwasser'
https://www.faz.net/aktuell/wirtschaft/autozulieferer-schaeffler-baut-1300-stellen-ab-18444867.html,https://www.faz.net/aktuell/wirtschaft/autozulieferer-schaeffler-baut-1300-stellen-ab-18444867.html,0,www.faz.net,Autozulieferer Schaeffler baut 1300 Stellen ab,"Der Industriekonzern Schaeffler will Personal abbauen – nicht weil es dem fränkischen Unternehmen schlecht ginge, sondern weil der Weg der Autoindustrie viel schneller weg vom Verbrenner führt als vom Konzern angenommen.",https://media0.faz.net/ppmedia/aktuell/wirtschaft/2686997110/1.8444866/facebook_teaser/produktion-bei-schaeffler.jpg,2022-11-08T07:20:13Z,https://web.archive.org/web/20221108073148/http://www.faz.net/aktuell/wirtschaft/autozulieferer-schaeffler-baut-1300-stellen-ab-18444867.html,"Der Auto- und Industriezulieferer Schaeffler baut bis 2026 insgesamt 1300 weitere seiner knapp 83.000 Stellen ab, davon 1000 in Deutschland. Das Unternehmen begründete die Maßnahme am Dienstag mit ei… [+2086 chars]",,de,'Auto Verbrenner'
https://www.manager-magazin.de/unternehmen/autoindustrie/schaeffler-klaus-rosenfeld-streicht-1300-stellen-a-24b121a2-66e9-4c3c-92b0-a113e9563b24,https://www.manager-magazin.de/unternehmen/autoindustrie/schaeffler-klaus-rosenfeld-streicht-1300-stellen-a-24b121a2-66e9-4c3c-92b0-a113e9563b24,0,www.manager-magazin.de,Schaeffler: Klaus Rosenfeld streicht 1300 Stellen,"Allein in Deutschland streicht der Herzogenauracher Autozulieferer rund 1000 Arbeitsplätze. Schaeffler-Chef Klaus Rosenfeld begründet den Stellenabbau mit dem Verbrenner-Aus, das schneller komme als erwartet.",https://cdn.prod.www.manager-magazin.de/images/8e111560-7e0c-4c10-a644-4b4e4da01baf_w1280_r1.77_fpx49_fpy52.jpg,2022-11-08T08:32:54Z,,"Der Herzogenauracher Auto- und Industriezulieferer Schaeffler streicht weltweit 1300 Stellen in seiner Autosparte. Rund 1000 Stellen fallen in Deutschland weg, teilte das Unternehmen am Dienstag mit.… [+1506 chars]",,de,'Auto Verbrenner'
https://www.dw.com/de/autozulieferer-schaeffler-baut-1300-weitere-stellen-ab/a-63680291,https://www.dw.com/de/autozulieferer-schaeffler-baut-1300-weitere-stellen-ab/a-63680291,0,www.dw.com,Autozulieferer Schaeffler baut 1300 weitere Stellen ab,"Der Industriekonzern Schaeffler muss Personal abbauen - nicht weil es dem fränkischen Unternehmen schlecht ginge, sondern weil der Weg der Autoindustrie viel schneller weg vom Verbrenner führt als angenommen. Der Auto- und Industriezulieferer Schaeffler baut …",https://static.dw.com/image/63680005_6.jpg,2022-11-08T11:12:00Z,,"Der Auto- und Industriezulieferer Schaeffler baut bis 2026 insgesamt 1300 weitere seiner knapp 83.000 Stellen ab, davon 1000 in Deutschland. ""Dieser Schritt ist notwendig, um die Firma für die Zukunf… [+2369 chars]",,de,'Auto Verbrenner'
https://www.stern.de/wirtschaft/news/industrie--autozulieferer-schaeffler-baut-1300-stellen-ab-32888962.html,https://www.stern.de/wirtschaft/news/industrie--autozulieferer-schaeffler-baut-1300-stellen-ab-32888962.html,0,www.stern.de,Industrie: Autozulieferer Schaeffler baut 1300 Stellen ab,Dem fränkischen Unternehmen geht es nicht schlecht. Aber die Autoindustrie zieht sich weit schneller als angenommen aus der Verbrenner-Technologie zurück. Treiber sind China und die USA.,https://image.stern.de/32888982/t/HY/v2/w1440/r1.7778/-/09--urnnewsmldpacom2009010122110899428338v2w800h600l1332t257r3612b2404jpeg---2d58485dc2a50cdb.jpg,2022-11-08T15:12:50Z,https://web.archive.org/web/20221109032333/https://www.stern.de/wirtschaft/news/industrie--autozulieferer-schaeffler-baut-1300-stellen-ab-32888962.html,"Dem fränkischen Unternehmen geht es nicht schlecht. Aber die Autoindustrie zieht sich weit schneller als angenommen aus der Verbrenner-Technologie zurück. Treiber sind China und die USA.
Der wachsen… [+3774 chars]",,de,'Auto Verbrenner'
https://www.brigitte.de/aktuell/-das-traumschiff--lappland---schnee-star-maria-hoefl-riesch-kehrt-in-ihrem-element-zurueck-13421792.html,https://www.brigitte.de/aktuell/-das-traumschiff--lappland---schnee-star-maria-hoefl-riesch-kehrt-in-ihrem-element-zurueck-13421792.html,0,www.brigitte.de,"""Das Traumschiff: Lappland"": Schnee-Star Maria Höfl-Riesch kehrt in ihrem Element zurück","Ex-Ski-Star Maria Höfl-Riesch kehrt für ""Das Traumschiff: Lappland"" in ihr Element zurück. Sie ist als Hundeschlittenlenkerin zu sehen.",https://image.brigitte.de/13421794/t/gM/v1/w1440/r1.7778/-/08--schnee-star-maria-hoefl-riesch-kehrt-in-ihrem-element-zurueck---1-1---spoton-article-1033022.jpg,2022-11-08T20:28:00Z,https://web.archive.org/web/20221108215316/https://www.brigitte.de/aktuell/-das-traumschiff--lappland---schnee-star-maria-hoefl-riesch-kehrt-in-ihrem-element-zurueck-13421792.html,"Ex-Ski-Star Maria Höfl-Riesch kehrt für ""Das Traumschiff: Lappland"" in ihr Element zurück. Sie ist als Hundeschlittenlenkerin zu sehen.
Ein Wintertraum aus Eis und Schnee erwartet die Zuschauerinnen… [+2246 chars]",,de,'Ski Schnee'
https://www.golem.de/sonstiges/zustimmung/auswahl.html?from=https://www.golem.de/news/geely-renault-kooperiert-mit-china-und-spaltet-sich-auf-2211-169590.html&referer=https://t.co/c136b97919,https://www.golem.de/sonstiges/zustimmung/auswahl.html?from=https://www.golem.de/news/geely-renault-kooperiert-mit-china-und-spaltet-sich-auf-2211-169590.html&referer=https://t.co/c136b97919,0,www.golem.de,Geely: Renault kooperiert mit China und spaltet sich auf,"Renault soll aufgespalten werden, unter anderem in ein Verbrenner- und ein E-Auto-Unternehmen. Kooperiert wird mit Geely, Google und Qualcomm. (Renault, Google)",,2022-11-09T06:25:02Z,,"Besuchen Sie Golem.de wie gewohnt mit Werbung und Tracking, indem Sie der Nutzung aller Cookies zustimmen.
 Details zum Tracking finden Sie im Privacy Center.
Skript wurde nicht geladen. Informatio… [+575 chars]",,de,'Auto Verbrenner'
https://www.kicker.de/genug-schnee-in-levi-gruenes-licht-fuer-frauen-slaloms-925311/artikel,https://www.kicker.de/genug-schnee-in-levi-gruenes-licht-fuer-frauen-slaloms-925311/artikel,0,www.kicker.de,Genug Schnee in Levi: Grünes Licht für Frauen-Slaloms,Endlich einmal gute Wetter-Nachrichten für den alpinen Ski-Zirkus: Die beiden Frauen-Slaloms im finnischen Levi können stattfinden.,"https://derivates.kicker.de/image/upload/w_4000,h_2250,c_fill,g_auto:subject/w_1200,q_auto/v1/2022/11/10/267b8089-6737-4ec9-b17e-3877b0a6de1b.jpeg",2022-11-10T17:49:02Z,,"Endlich einmal gute Wetter-Nachrichten für den alpinen Ski-Zirkus: Die beiden Frauen-Slaloms im finnischen Levi können stattfinden. 
Tradition: Wer in Levi gewinnt, bekommt ein Rentier (hier Petra V… [+518 chars]",,de,'Ski Schnee'
https://www.sueddeutsche.de/sport/ski-alpin-genug-schnee-in-levi-1.5693677,https://www.sueddeutsche.de/sport/ski-alpin-genug-schnee-in-levi-1.5693677,0,www.sueddeutsche.de,Ski alpin: Genug Schnee in Levi,Endlich gute Wetter-Nachrichten für den alpinen Skibetrieb: Nach einer positiven Schneekontrolle gab der Weltverband Fis grünes Licht für die beiden Slaloms der...,https://www.sueddeutsche.de/assets/png/sz-ecb090256670a577bd629a9718686332.png,2022-11-10T17:50:57Z,https://web.archive.org/web/20221110182849/https://www.sueddeutsche.de/sport/ski-alpin-genug-schnee-in-levi-1.5693677,Endlich gute Wetter-Nachrichten für den alpinen Skibetrieb: Nach einer positiven Schneekontrolle gab der Weltverband Fis grünes Licht für die beiden Slaloms der Frauen am 19. und 20. November im finn… [+527 chars],,de,'Ski Schnee'
https://www.spiegel.de/panorama/gesellschaft/flut-und-hochwasser-2021-cornelia-weigand-ueber-die-lehren-aus-der-ahrtal-katastrophe-a-db41e4f0-8347-4ab9-b423-9c9d31c930dd,https://www.spiegel.de/panorama/gesellschaft/flut-und-hochwasser-2021-cornelia-weigand-ueber-die-lehren-aus-der-ahrtal-katastrophe-a-db41e4f0-8347-4ab9-b423-9c9d31c930dd,0,www.spiegel.de,Flut und Hochwasser 2021: Cornelia Weigand über die Lehren aus der Ahrtal-Katastrophe,"An diesem Wochenende werden im Ahrtal erstmals die neuen Sirenenanlagen ausprobiert. Landrätin Cornelia Weigand reicht das nicht. Sie kritisiert vor allem, dass Gesetze oft klimaangepasstes Bauen verhindern.",https://cdn.prod.www.spiegel.de/images/29e87af7-3f05-444b-92a8-3b71e41b4f80_w1280_r1.77_fpx46_fpy21.jpg,2022-11-11T06:05:16Z,https://web.archive.org/web/20221111095835/https://www.spiegel.de/panorama/gesellschaft/flut-und-hochwasser-2021-cornelia-weigand-ueber-die-lehren-aus-der-ahrtal-katastrophe-a-db41e4f0-8347-4ab9-b423-9c9d31c930dd,"Mehr Perspektiven, mehr verstehen.
Freier Zugang zu allen Artikeln, Videos, Audioinhalten und Podcasts
<ul><li>
Alle Artikel auf SPIEGEL.de frei zugänglich
</li><li>
DER SPIEGEL als E-Paper und … [+743 chars]",,de,'Hochwasser'
https://www.stern.de/gesellschaft/regional/sachsen/wintersport--neue-skisaison-im-blick--keine-abstriche-bei-kunstschnee-32907990.html,https://www.stern.de/gesellschaft/regional/sachsen/wintersport--neue-skisaison-im-blick--keine-abstriche-bei-kunstschnee-32907990.html,0,www.stern.de,Wintersport: Neue Skisaison im Blick: Keine Abstriche bei Kunstschnee,"Skihänge künstlich zu beschneien braucht viel Wasser und Strom. Ist das in der Energiekrise noch zeitgemäß? Ja, sagen Liftbetreiber in Sachsen und bereiten sich auf die kommende Saison vor. Für Skifahrer wird der Freizeitspaß im Schnee aber teurer.",https://image.stern.de/32907992/t/W3/v1/w1440/r1.7778/-/14--urnnewsmldpacom2009010122111499509718v2w800h600l1024t680r3072b2045jpeg---41464b930aa48d28.jpg,2022-11-14T06:17:21Z,https://web.archive.org/web/20221114123032/https://www.stern.de/gesellschaft/regional/sachsen/wintersport--neue-skisaison-im-blick--keine-abstriche-bei-kunstschnee-32907990.html,"Skihänge künstlich zu beschneien braucht viel Wasser und Strom. Ist das in der Energiekrise noch zeitgemäß? Ja, sagen Liftbetreiber in Sachsen und bereiten sich auf die kommende Saison vor. Für Skifa… [+4154 chars]",,de,'Ski Schnee'
https://www.n-tv.de/panorama/Australien-kaempft-gegen-fatales-Hochwasser-article23716073.html,https://www.n-tv.de/panorama/Australien-kaempft-gegen-fatales-Hochwasser-article23716073.html,0,www.n-tv.de,Ganze Kleinstadt unter Wasser: Australien kämpft gegen fatales Hochwasser,"Immer wieder herrscht an Australiens Ostküste in diesem Jahr ""Land unter"". Im Bundesstaat New South Wales führen schwere Gewitter nun zu weiteren Überschwemmungen. Eine Kleinstadt steht unter Wasser, viele Menschen müssen mit Hubschraubern von Dächern gerette…",https://bilder4.n-tv.de/img/incoming/crop23716111/0811324973-cImg_16_9-w1200/382876355.jpg,2022-11-14T11:38:37Z,https://web.archive.org/web/20221114160632/https://www.n-tv.de/panorama/Australien-kaempft-gegen-fatales-Hochwasser-article23716073.html,"Immer wieder herrscht an Australiens Ostküste in diesem Jahr ""Land unter"". Im Bundesstaat New South Wales führen schwere Gewitter nun zu weiteren Überschwemmungen. Eine Kleinstadt steht unter Wasser,… [+3431 chars]",,de,'Hochwasser Wasser'
https://www.gamedev.net/blogs/entry/2274418-schnee-skibrille-markt-2022-anteil-groe-forschungsbericht-wachstumstrends-umsatz-segmentierung,https://www.gamedev.net/blogs/entry/2274418-schnee-skibrille-markt-2022-anteil-groe-forschungsbericht-wachstumstrends-umsatz-segmentierung,0,www.gamedev.net,"Schnee-Skibrille Markt 2022 Anteil, Größe, Forschungsbericht, Wachstumstrends, Umsatz, Segmentierung","""Schnee-Skibrille Markt 2022Schnee-Skibrille Markt bietet eine detaillierte Analyse der Branche für den schätzzeitraum von 2022-2027. Schnee-Skibrille Markt von Reports-Überwachen der Bericht umfasst Marktgröße, Wachstumsrate, Marktanteil, Anwendung, trends d…",https://gamedev.net/static/media/user/generic-user.png,2022-11-14T13:37:00Z,,"""Schnee-Skibrille Markt 2022
Schnee-Skibrille Markt bietet eine detaillierte Analyse der Branche für den schätzzeitraum von 2022-2027. Schnee-Skibrille Markt von Reports-Überwachen der Bericht umfas… [+6842 chars]",,de,'Ski Schnee'
https://www.welt.de/reise/winter/article242117593/Skifahren-in-den-Alpen-Diese-Neuheiten-erwarten-Urlauber-im-Winter.html,https://www.welt.de/reise/winter/article242117593/Skifahren-in-den-Alpen-Diese-Neuheiten-erwarten-Urlauber-im-Winter.html,0,www.welt.de,Diese Top-Neuheiten erwarten Skifahrer in den Alpen,"Vom Gletscher-Express bis zur Alpen-Überquerung – die aktuelle Wintersaison bringt trotz der Energiekrise viel Neues in den Skigebieten der Alpen. Wir stellen die acht interessantesten Veränderungen, auf die sich Wintersportler freuen können, vor.",https://img.welt.de/img/reise/mobile242122011/1461353967-ci16x9-w1200/Von-Narvik-bis-Chamonix-Europas-aussergewoehnlichste-Seilbahnen.jpg,2022-11-15T06:37:26Z,https://web.archive.org/web/20221115064337/http://www.welt.de/reise/winter/article242117593/Skifahren-in-den-Alpen-Diese-Neuheiten-erwarten-Urlauber-im-Winter.html,"Wer hätte das gedacht: Trotz Pandemie und Klimawandel haben viele Skigebiete im vergangenen Winter prächtig verdient. Und weil das Geschäft auch weiter gut laufen soll, wird kräftig investiert. So gi… [+7287 chars]",,de,'Ski Winter'
https://www.nzz.ch/panorama/australiens-ostkueste-steht-vor-dem-groesstem-hochwassereinsatz-der-geschichte-ld.1712248,https://www.nzz.ch/panorama/australiens-ostkueste-steht-vor-dem-groesstem-hochwassereinsatz-der-geschichte-ld.1712248,0,www.nzz.ch,Australiens Ostküste steht vor dem «grösstem Hochwassereinsatz der Geschichte»,Nach starkem Regen stehen Teile der Ostküste erneut unter Wasser. Freiwillige aus der ganzen Welt eilen dem Land zur Hilfe.,"https://img.nzz.ch/2022/11/15/ff58b72b-acd8-48d3-b42b-684bc3fcb9be.jpeg?width=1200&height=675&fit=bound&quality=75&auto=webp&crop=5472,3078,x0,y285&wmark=nzz",2022-11-15T08:18:31Z,https://web.archive.org/web/20221115083433/https://www.nzz.ch/panorama/australiens-ostkueste-steht-vor-dem-groesstem-hochwassereinsatz-der-geschichte-ld.1712248,"Der Wyangala-Damm in Australien.
(dpa) Weite Teile des australischen Gliedstaates New South Wales an der Ostküste stehen nach immer neuem Starkregen erneut unter Wasser. Die Rettungsdienste stünden … [+3164 chars]",,de,'Hochwasser Regen'
https://www.nzz.ch/meinung/ski-weltcup-der-skirennsport-und-das-dilemma-mit-der-klimakrise-ld.1711163,https://www.nzz.ch/meinung/ski-weltcup-der-skirennsport-und-das-dilemma-mit-der-klimakrise-ld.1711163,0,www.nzz.ch,"KOMMENTAR - Wintersport und Klimawandel: Sinnvoll wäre, der Weltskiverband würde sich von seinen Expansionsplänen lossagen","Kein Schnee, keine Rennen: Der alpine Ski-Weltcup hat in diesem klimatisch extremen Jahr einen beispiellosen Saisonfehlstart hingelegt. Die FIS muss sich bessere Antworten auf die Klimakrise überlegen als das Deckmäntelchen ihres neuen Präsidenten.","https://img.nzz.ch/2022/11/11/7b2b0fb4-77e3-47db-9c79-1df20e75f913.jpeg?width=1200&height=675&fit=bound&quality=75&auto=webp&crop=1768,995,x272,y170&wmark=nzz",2022-11-15T11:00:00Z,https://web.archive.org/web/20221115121749/https://www.nzz.ch/meinung/ski-weltcup-der-skirennsport-und-das-dilemma-mit-der-klimakrise-ld.1711163,"Der Schneesport führt einen Kampf gegen die Natur, etwa mit Maschinen, die im allgemeinen Sprachgebrauch sinnigerweise Schneekanonen genannt werden.
Es ist noch keine vier Jahre her, da sprach Gian … [+8692 chars]",,de,'Ski Winter'
https://www.spiegel.de/panorama/gesellschaft/australien-hubschrauber-retten-menschen-aus-dem-hochwasser-a-3d60f9ce-48ae-4bf7-a725-3042f4c74911,https://www.spiegel.de/panorama/gesellschaft/australien-hubschrauber-retten-menschen-aus-dem-hochwasser-a-3d60f9ce-48ae-4bf7-a725-3042f4c74911,0,www.spiegel.de,Australien: Hubschrauber retten Menschen aus dem Hochwasser,"Die Menschen klettern auf Dächer und hoffen, rechtzeitig von Hubschraubern gerettet zu werden. Erneut wälzen sich Wassermassen durch den Bundesstaat New South Wales – ganze Ortschaften sind überflutet.",https://cdn.prod.www.spiegel.de/images/62a2ec5c-af4e-4d04-81b1-d3b2a4f5db5c_w1280_r1.77_fpx49.48_fpy50.jpg,2022-11-15T11:03:56Z,https://web.archive.org/web/20221115110903/https://www.spiegel.de/panorama/gesellschaft/australien-hubschrauber-retten-menschen-aus-dem-hochwasser-a-3d60f9ce-48ae-4bf7-a725-3042f4c74911,"Rettungseinsatz in New South Wales, Australien. Seit Wochen ist die Region von Überschwemmungen betroffen. Nach immer neuem Starkregen stehen weite Teile des Bundesstaates an der Ostküste erneut unte… [+1686 chars]",,de,'Hochwasser Wasser'
https://www.sueddeutsche.de/wirtschaft/umwelthilfe-klage-bmw-verbrenner-1.5696326,https://www.sueddeutsche.de/wirtschaft/umwelthilfe-klage-bmw-verbrenner-1.5696326,0,www.sueddeutsche.de,Autoindustrie: Umwelthilfe will BMW zu Verbrenner-Aus ab 2030 zwingen,"Spätestens dann habe der Autobauer sein CO₂-Budget verbraucht, wenn er die Pariser Klimaziele einhalten wolle, argumentieren die Umweltschützer.",https://www.sueddeutsche.de/image/sz.1.5443394/1200x675?v=1668520754,2022-11-15T13:59:27Z,https://web.archive.org/web/20221115141545/https://www.sueddeutsche.de/wirtschaft/umwelthilfe-klage-bmw-verbrenner-1.5696326,"Spätestens dann habe der Autobauer sein CO-Budget verbraucht, wenn er die Pariser Klimaziele einhalten wolle, argumentieren die Umweltschützer. Wann in Europa keine neuen Autos mit Verbrennungsmotor … [+3117 chars]",,de,'Auto Verbrenner'
https://www.tagesschau.de/ausland/ozeanien/australien-ueberschwemmungen-hochwasser-101.html,https://www.tagesschau.de/ausland/ozeanien/australien-ueberschwemmungen-hochwasser-101.html,0,www.tagesschau.de,Australien: Massive Überschwemmungen in New South Wales,Im australischen Bundesstaat New South Wales richten Hochwasser bereits seit dem Wochenende in mehreren Gemeinden große Schäden an. Im Kampf gegen die Wassermassen bekommt Australien internationale Hilfe.,https://www.tagesschau.de/multimedia/bilder/flut-australien-109~_v-original.jpg,2022-11-15T14:07:55Z,https://web.archive.org/web/20221115141336/http://www.tagesschau.de/ausland/ozeanien/australien-ueberschwemmungen-hochwasser-101.html,Im australischen Bundesstaat New South Wales richten Hochwasser bereits seit dem Wochenende in mehreren Gemeinden große Schäden an. Im Kampf gegen die Wassermassen bekommt Australien internationale H… [+2168 chars],,de,'Hochwasser'
https://www.welt.de/reise/winter/article242133199/Der-Gipfel-des-Luxus-Neue-Hotels-in-den-Skigebieten-der-Alpen.html,https://www.welt.de/reise/winter/article242133199/Der-Gipfel-des-Luxus-Neue-Hotels-in-den-Skigebieten-der-Alpen.html,0,www.welt.de,Der Gipfel des Luxus – neue Hotels in Skigebieten,"In den Alpen eröffnen in diesem Winter einige Unterkünfte, die den Skiurlaub auch abseits der Piste zum Vergnügen werden lassen. Wir stellen fünf Hotels in der Schweiz und in Österreich vor – mit Luxus-Suiten, besonderem Service und großzügigen Spabereichen.",https://img.welt.de/img/reise/mobile242140951/4461358317-ci16x9-w1200/Falkensteiner-Hotel-Montafon-2.jpg,2022-11-16T06:24:24Z,https://web.archive.org/web/20221116062842/https://www.welt.de/reise/winter/article242133199/Der-Gipfel-des-Luxus-Neue-Hotels-in-den-Skigebieten-der-Alpen.html,"Nach einem heißen Sommer hoffen Wintersportler auf einen schneereichen Winter. Den kann zwar niemand garantieren, doch die passenden Unterkünfte stehen allemal bereit, darunter fünf neue Luxusherberg… [+8870 chars]",,de,'Ski Schnee'
https://www.morgenpost.de/vermischtes/article236923987/australien-hochwasser-klima-ueberflutung-flutkatastrophe.html,https://www.morgenpost.de/vermischtes/article236923987/australien-hochwasser-klima-ueberflutung-flutkatastrophe.html,0,www.morgenpost.de,Sturzfluten: Australien: Der „größte Hochwassereinsatz der Geschichte“,"Die australische Stadt Eugowra überrollt ein ""Inlands-Tsunami"". Allein auf Sidney regnete 2022 eine Wassermenge von etwa drei Millionen olympischen Schwimmbecken.",https://img.morgenpost.de/img/Import/crop236825819/1952609453-w820-cv16_9-q85/Land-unter.jpg,2022-11-16T09:17:00Z,https://web.archive.org/web/20221116093428/https://www.morgenpost.de/vermischtes/article236923987/australien-hochwasser-klima-ueberflutung-flutkatastrophe.html,"Canberra. Über Jahre hinweg wünschten sich die Menschen in Australien nichts mehr als Regen. Jahre der Dürre trugen Ende 2019 dazu bei, dass verheerende Buschfeuer große Teile Ostaustraliens verwüste… [+5560 chars]",,de,'Hochwasser Regen'
https://www.focus.de/immobilien/wohnen/grosser-kosten-hammer-droht-heizung-nebenkosten-miete-so-wappnen-sie-sich-vor-den-teuer-winter_id_179876232.html,https://www.focus.de/immobilien/wohnen/grosser-kosten-hammer-droht-heizung-nebenkosten-miete-so-wappnen-sie-sich-vor-den-teuer-winter_id_179876232.html,0,www.focus.de,"Großer Kosten-Hammer droht - Heizung, Nebenkosten, Miete: So wappnen Sie sich vor den Teuer-Winter",Die hohe Inflation lässt die Lebenshaltungskosten kräftig steigen. Wohnen wird teurer. Die Nebenkosten und besonders die höheren Heizkosten bergen für Millionen Mietende eine böse Überraschung. Vermietende heben jetzt schon die Vorauszahlungen an. Gleichzeiti…,https://p6.focus.de/img/fotos/id_163398365/miete-74982619.jpg?im=Crop%3D%280%2C526%2C3510%2C1753%29%3BResize%3D%281200%2C627%29&impolicy=perceptual&quality=medium&hash=ac483c841bd4a30c271e31df5556cc155e04f18a57cfa84a3f1401eb23020e0b,2022-11-16T13:04:53Z,https://web.archive.org/web/20221116134011/https://www.focus.de/immobilien/wohnen/grosser-kosten-hammer-droht-heizung-nebenkosten-miete-so-wappnen-sie-sich-vor-den-teuer-winter_id_179876232.html,Die hohe Inflation lässt die Lebenshaltungskosten kräftig steigen. Wohnen wird teurer. Die Nebenkosten und besonders die höheren Heizkosten bergen für Millionen Mietende eine böse Überraschung. Vermi… [+5156 chars],,de,'Wohnen Kosten'
https://www.welt.de/gesundheit/article242148941/Sonne-Pollen-Unwetter-Wie-Sportler-sich-an-den-Klimawandel-anpassen-muessen.html,https://www.welt.de/gesundheit/article242148941/Sonne-Pollen-Unwetter-Wie-Sportler-sich-an-den-Klimawandel-anpassen-muessen.html,0,www.welt.de,"Sonne, Pollen, Unwetter – Wie sich Sportler an den Klimawandel anpassen müssen","Wenn die Erderwärmung weiter fortschreitet, könnten Extremereignisse im Profisport bald die Regel sein. Aber auch Vereine und Hobbysportler müssen sich fast ganzjährig auf Pollenflug, Zecken, Unwetter oder künstliche Skipisten vorbereiten.",https://img.welt.de/img/gesundheit/mobile242148977/1921353497-ci16x9-w1200/Reflection-Of-Jogger.jpg,2022-11-16T15:35:01Z,https://web.archive.org/web/20221116160418/https://www.welt.de/gesundheit/article242148941/Sonne-Pollen-Unwetter-Wie-Sportler-sich-an-den-Klimawandel-anpassen-muessen.html,"Wenn Fußballspiele wegen starker Sturmböen abgesagt werden, Skigebiete im Winter nicht mehr schneesicher sind und Langstreckenläufer in sommerlicher Hitze kollabieren, sind die Auswirkungen des Klima… [+8102 chars]",,de,'Hochwasser Extremereignisse'
https://www.stern.de/gesellschaft/regional/bayern/ausbau--hochwasserschutz-an-der-donau-in-regensburg-erweitert-32918696.html,https://www.stern.de/gesellschaft/regional/bayern/ausbau--hochwasserschutz-an-der-donau-in-regensburg-erweitert-32918696.html,0,www.stern.de,Ausbau: Hochwasserschutz an der Donau in Regensburg erweitert,"Der Ausbau des Hochwasserschutzes an der Donau in Bayern geht weiter. Nach rund zweieinhalb Jahren Bauzeit sei in Regensburg der Abschnitt am Westhafen abgeschlossen, teilte das bayerische Umweltministerium am Mittwoch mit. Damit seien rund 5000 Anwohner in d…",https://image.stern.de/32918698/t/eA/v1/w1440/r1.7778/-/16--urnnewsmldpacom2009010122111699546293v3w800h600l64t58r1687b1666jpeg---b7139215ce371b26.jpg,2022-11-16T16:25:14Z,https://web.archive.org/web/20221116172443/https://www.stern.de/gesellschaft/regional/bayern/ausbau--hochwasserschutz-an-der-donau-in-regensburg-erweitert-32918696.html,"Der Ausbau des Hochwasserschutzes an der Donau in Bayern geht weiter. Nach rund zweieinhalb Jahren Bauzeit sei in Regensburg der Abschnitt am Westhafen abgeschlossen, teilte das bayerische Umweltmini… [+1005 chars]",,de,'Hochwasser Regen'
https://www.morgenpost.de/wirtschaft/article236930575/opel-chef-florian-huettl-wasserstoff-interview.html,https://www.morgenpost.de/wirtschaft/article236930575/opel-chef-florian-huettl-wasserstoff-interview.html,0,www.morgenpost.de,Interview: Opel-Chef: „Wasserstoff hat einen entscheidenden Vorteil“,"Floria Huettl erklärt, warum Opel als einziger Autohersteller in Deutschland auf Wasserstoff setzt - und was er von klimaneutralen E-Fuels hält.",https://img.morgenpost.de/img/wirtschaft/crop236930573/8222608569-w820-cv16_9-q85/33532ec4-65c3-11ed-8bf5-c7322bf7e372.jpg,2022-11-16T21:00:00Z,https://web.archive.org/web/20221116210610/https://www.morgenpost.de/wirtschaft/article236930575/opel-chef-florian-huettl-wasserstoff-interview.html,Berlin.  Mit Florian Huettl hat Opel schon wieder einen neuen Chef. Sein Vorgänger blieb nicht mal ein Jahr lang. Ist die Traditionsmarke immer noch im Krisenmodus? Im Interview erklärt Huettl seine … [+13260 chars],,de,'Auto'
https://www.welt.de/wirtschaft/article242183415/Mercedes-EQE-im-Test-Dieses-Auto-bringt-den-elektrischen-Luxus-fuer-die-Masse.html,https://www.welt.de/wirtschaft/article242183415/Mercedes-EQE-im-Test-Dieses-Auto-bringt-den-elektrischen-Luxus-fuer-die-Masse.html,0,www.welt.de,Debütfahrt eines Zweiflers – „Dieses Auto zerstreut all meine Elektro-Bedenken“,"Mit seinem ganz neuen Modell EQE will Mercedes es schaffen, seine Kundschaft endgültig vom Elektroauto zu überzeugen. WELT hat einen überzeugten Mercedes-Fahrer und Verbrenner-Anhänger für 1000 Kilometer in diesem Auto fahren lassen. Sein Fazit ist eindeutig.",https://img.welt.de/img/wirtschaft/mobile242183413/9341356127-ci16x9-w1200/Mercedes-EQ-EQE-350-Edition-1-AMG-Lin-2.jpg,2022-11-18T07:19:17Z,https://web.archive.org/web/20221118072319/https://www.welt.de/wirtschaft/article242183415/Mercedes-EQE-im-Test-Dieses-Auto-bringt-den-elektrischen-Luxus-fuer-die-Masse.html,"Mittlerweile gibt es wenig objektive Gründe, sich nicht mit dem Kauf eines elektrischen Neuwagens zu beschäftigen. Doch Objektivität spielt bei einer emotionalen Entscheidung wie dem Kauf eines Autos… [+9942 chars]",,de,'Auto Verbrenner'
https://www.focus.de/auto/news/interview-mit-abgas-experte-umwelthilfe-gewinnt-vor-gericht-millionen-diesel-fahrer-muessen-nun-zittern_id_179274238.html,https://www.focus.de/auto/news/interview-mit-abgas-experte-umwelthilfe-gewinnt-vor-gericht-millionen-diesel-fahrer-muessen-nun-zittern_id_179274238.html,0,www.focus.de,Interview mit Abgas-Experten - Umwelthilfe gewinnt vor Gericht - Millionen Diesel-Fahrer müssen jetzt zittern,"Die Lobby-Organisation Deutsche Umwelthilfe darf gegen die sogenannten „Thermofenster“ bei älteren Diesel-PKW klagen und will Millionen Autos zurückrufen lassen. Im Interview erklärt Abgastechnik-Experte Thomas Koch, was das Urteil jetzt wirklich bedeutet.",https://p6.focus.de/img/politik/deutschland/id_179150416/autos-stehen-aufgrund-einer-strassenblockade-der-gruppe-letzte-generation-in-berlin-im-stau..jpg?im=Crop%3D%280%2C264%2C2048%2C1024%29%3BResize%3D%281200%2C627%29&impolicy=perceptual&quality=medium&hash=365ed9eac7db221082438c6f393be28a457598fdbee6118fa1118114b602b5c5,2022-11-18T08:45:48Z,https://web.archive.org/web/20221118095137/https://www.focus.de/auto/news/interview-mit-abgas-experte-umwelthilfe-gewinnt-vor-gericht-millionen-diesel-fahrer-muessen-nun-zittern_id_179274238.html,Die Lobby-Organisation Deutsche Umwelthilfe darf gegen die sogenannten Thermofenster bei älteren Diesel-PKW klagen und will Millionen PKW zurückrufen lassen. Im Interview erklärt Abgastechnik-Experte… [+9319 chars],,de,'Auto'
https://noe.orf.at/stories/3182849/,https://noe.orf.at/stories/3182849/,0,noe.orf.at,Debatte um Schneekanonen in Krisenzeiten,"Damit die niederösterreichischen Skigebiete in die Saison starten können, braucht es die Arbeit von 562 Schneekanonen und -lanzen. Doch vor dem Hintergrund der Klimakrise und der hohen Energiepreise stehen diese vermehrt in der Kritik.",https://ibs.orf.at/noe?image=https%3A%2F%2Foekastatic.orf.at%2Fmims%2F2022%2F47%2F24%2Fcrops%2Fw%3D1200%2Ch%3D627%2Cq%3D75%2F1576857_master_577024_abd0050.jpg%3Fs%3D28fb38e1edeaa55735b63b1a71b4390d86c129bd,2022-11-19T06:19:50Z,https://web.archive.org/web/20221119073834/https://noe.orf.at/stories/3182849/,"Das Skigebiet Forsteralm liegt bei Waidhofen an der Ybbs, an der Grenze zu Oberösterreich. Wenn es kalt genug ist, wird hier beschneit aber nur bis Jahresende, so lange noch die alten Stromtarife gel… [+3901 chars]",,de,'Ski Tourismus'
https://www.zeit.de/news/2022-11/20/duerr-verpasst-erneut-podest-shiffrin-mit-doppelsieg,https://www.zeit.de/news/2022-11/20/duerr-verpasst-erneut-podest-shiffrin-mit-doppelsieg,0,www.zeit.de,Ski alpin: Dürr verpasst erneut Podest - Shiffrin mit Doppelsieg,,,2022-11-20T13:17:51Z,https://web.archive.org/web/20221120133812/https://www.zeit.de/news/2022-11/20/duerr-verpasst-erneut-podest-shiffrin-mit-doppelsieg,"When browsing with ads:
We collect personal data and also transmit it to third-party providers
 that help us improve and finance our digital content. Some of the information stored on your device, … [+732 chars]",,de,'Ski'
https://www.sportschau.de/wintersport/ski-alpin/ski-alpin-slalom-frauen-levi-100.html,https://www.sportschau.de/wintersport/ski-alpin/ski-alpin-slalom-frauen-levi-100.html,0,www.sportschau.de,Slalom in Levi: Der verflixte zweite Duchgang - Lena Dürr wieder nur Vierte - Sportschau,"<ol><li>Slalom in Levi: Der verflixte zweite Duchgang - Lena Dürr wieder nur Vierte  Sportschau
</li><li>Ski Alpin: Levi Black - Slalom  kicker
</li><li>Dürr durchlebt ihr Slalom-Trauma zum vierten Mal  n-tv NACHRICHTEN
</li><li>Ski Alpin: Lena Dürr führte…",https://images.sportschau.de/image/ca24639a-a192-4521-a231-3a35c2b74cf2/AAABhJRrH2c/AAABg8tME_8/16x9-1280/levi-zweiter-tag-100.jpg,2022-11-20T13:18:00Z,https://web.archive.org/web/20221120100459/https://www.sportschau.de/wintersport/ski-alpin/ski-alpin-slalom-frauen-levi-100.html,"Stand: 20.11.2022 14:18 Uhr
Lena Dürr hat beim Weltcup-Slalom in Levi eine Platzierung unter den Top 3 wieder knapp verpasst. Es gewann Mikaela Shiffrin. Andrea Filser fuhr das beste Ergebnis ihrer … [+1640 chars]",,de,'Ski'
https://www.sportnews.bz/artikel/wintersport/ski-alpin/nervenschlacht-von-levi-shiffrin-macht-doppelschlag-perfekt,https://www.sportnews.bz/artikel/wintersport/ski-alpin/nervenschlacht-von-levi-shiffrin-macht-doppelschlag-perfekt,0,www.sportnews.bz,Zitterpartie von Levi: Shiffrin macht Doppelschlag perfekt - Ski Alpin - SportNews.bz,"<ol><li>Zitterpartie von Levi: Shiffrin macht Doppelschlag perfekt - Ski Alpin  SportNews.bz
</li><li>Ski Alpin: Levi Black - Slalom  kicker
</li><li>Dürr durchlebt ihr Slalom-Trauma zum vierten Mal  n-tv NACHRICHTEN
</li><li>Slalom in Levi: Der verflixte …",https://s3-images.sportnews.bz/_images/fit/1000x563/img/2022/11/mikaela-shiffrin-triumphierte-auch-im-zweiten-rennen-von-levi.jpg,2022-11-20T13:31:04Z,https://web.archive.org/web/20221120142115/https://www.sportnews.bz/artikel/wintersport/ski-alpin/nervenschlacht-von-levi-shiffrin-macht-doppelschlag-perfekt,"Mikaela Shiffrin triumphierte auch im zweiten Rennen von Levi. © ANSA / KIMMO BRANDT
20. November 2022
Von: sn
Für Wendy Holdener war der erste Weltcup-Sieg im Slalom zum Greifen nah. Doch Mikaela… [+1630 chars]",,de,'Ski'
https://www.faz.net/aktuell/sport/wintersport/ski-alpin-lena-duerr-zweimal-vierte-im-slalom-18473507.html,https://www.faz.net/aktuell/sport/wintersport/ski-alpin-lena-duerr-zweimal-vierte-im-slalom-18473507.html,0,www.faz.net,Ski alpin: Lena Dürr zweimal Vierte im Slalom,"Lena Dürr ist ihrem ersten Slalom-Sieg gleich zweimal ganz nah. Doch dann wiederholen sich in Levi die Ereignisse, die sie schon von Olympia kennt. Mikalea Shiffrin triumphiert doppelt.",https://media0.faz.net/ppmedia/aktuell/sport/1242900607/1.8474916/facebook_teaser/gut-unterwegs-aber-nicht-gut.jpg,2022-11-20T15:32:19Z,https://web.archive.org/web/20221120154844/https://www.faz.net/aktuell/sport/wintersport/ski-alpin-lena-duerr-zweimal-vierte-im-slalom-18473507.html,"Lena Dürr hat zweimal bewiesen, dass sie zu den besten fünf der Welt gehört, sagte Sportdirektor Wolfgang Maier in Levi wohlwollend und so kann man ihr Resultat in den beiden Weltcup-Slaloms aus deut… [+2560 chars]",,de,'Ski'
https://www.sueddeutsche.de/sport/levi-weltcup-lena-duerr-doppel-vierte-1.5699660,https://www.sueddeutsche.de/sport/levi-weltcup-lena-duerr-doppel-vierte-1.5699660,0,www.sueddeutsche.de,Slalom-Weltcups in Levi: Der verflixte zweite Lauf,Deutschlands beste Skifahrerin Lena Dürr dominiert in Levi - allerdings nur im ersten Durchgang. Am Ende landet sie an beiden Weltcup-Tagen auf Rang vier und erlebt ein doppeltes Déjà-vu.,https://www.sueddeutsche.de/image/sz.1.5699661/1200x675?v=1668957144,2022-11-20T17:39:56Z,https://web.archive.org/web/20221120175106/https://www.sueddeutsche.de/sport/levi-weltcup-lena-duerr-doppel-vierte-1.5699660,Deutschlands beste Skifahrerin Lena Dürr dominiert in Levi - allerdings nur im ersten Durchgang. Am Ende landet sie an beiden Weltcup-Tagen auf Rang vier und erlebt ein doppeltes Déjà-vu.Die beste de… [+3866 chars],,de,'Ski'
https://www.basicthinking.de/blog/2022/11/20/autonationen-laender-meisten-autos/,https://www.basicthinking.de/blog/2022/11/20/autonationen-laender-meisten-autos/,0,www.basicthinking.de,Autonationen: In diesen 10 Ländern gibt es die meisten Autos,"Egal ob E-Auto, Verbrenner oder Hybrid: Autos gibt es überall auf der Welt. Aber auf den Straßen welche Länder rollen eigentlich die meisten Fahrzeuge? Das zeigen wir dir in unserem wöchentlichen Ranking. Deutschland gilt als Autoland. Das wird spätestens bei…",https://www.basicthinking.de/blog/wp-content/uploads/2022/11/autos-laender.jpg,2022-11-20T20:30:45Z,,"Egal ob E-Auto, Verbrenner oder Hybrid: Autos gibt es überall auf der Welt. Aber auf den Straßen welche Länder rollen eigentlich die meisten Fahrzeuge? Das zeigen wir dir in unserem wöchentlichen Ran… [+769 chars]",,de,'Auto Verbrenner'
https://www.welt.de/reise/winter/article242204931/Skifahren-Fuenf-Pisten-fuer-Mutige-von-der-Schweiz-bis-Suedtirol.html,https://www.welt.de/reise/winter/article242204931/Skifahren-Fuenf-Pisten-fuer-Mutige-von-der-Schweiz-bis-Suedtirol.html,0,www.welt.de,Zum Abheben – fünf Skipisten für Mutige,"Wie wäre es mit Wintersport auf den Spuren der Profis? Unser Autor hat Abfahrten in fünf Ländern ausprobiert, auf denen regelmäßig Weltcup-Rennen stattfinden, die aber auch normale Skifahrer mit etwas Können bewältigen können. Gänsehaut und Glücksgefühle sind…",https://img.welt.de/img/reise/mobile242207855/1961354977-ci16x9-w1200/Men-s-Downhill-Alpine-FIS-Ski-World-Championships.jpg,2022-11-21T06:30:03Z,https://web.archive.org/web/20221121064419/http://www.welt.de/reise/winter/article242204931/Skifahren-Fuenf-Pisten-fuer-Mutige-von-der-Schweiz-bis-Suedtirol.html,"Für diesen Blick braucht man Mut. Das kleine Holzhaus steht auf gut 2300 Metern in der Jungfrau-Region, einem der beliebtesten Wintersportreviere der Schweiz, direkt gegenüber liegen die drei Postkar… [+11124 chars]",,de,'Ski Winter'
https://www.faz.net/aktuell/reise/winterurlaub-in-den-alpen-diese-preise-sind-diese-saison-zu-erwarten-18469133.html,https://www.faz.net/aktuell/reise/winterurlaub-in-den-alpen-diese-preise-sind-diese-saison-zu-erwarten-18469133.html,0,www.faz.net,Was sich beim Wintersport verändert,"Die Skisaison beginnt – in den Alpen meist Anfang, spätestens Mitte Dezember. Die Branche hofft auf kurzfristige Buchungen. Welche Preise sind zu erwarten?",https://media0.faz.net/ppmedia/aktuell/817460382/1.8469130/facebook_teaser_fplus/zwei-skifahrer-am-fellhorn-im.jpg,2022-11-21T07:21:31Z,https://web.archive.org/web/20221121132310/https://www.faz.net/aktuell/reise/winterurlaub-in-den-alpen-diese-preise-sind-diese-saison-zu-erwarten-18469133.html,In den Alpen können es viele Wintersportler kaum erwarten. In Tirol waren die Gletscherskigebiete in den vergangenen Wochen bereits gut besucht. Eine Umfrage im Auftrag des Sportbekleidungshersteller… [+1168 chars],,de,'Ski Winter'
https://www.stern.de/reise/europa/ab-in-den-schnee--zehn-lohnenswerte-skigebiete-in-ganz-europa-fuer-jeden-geldbeutel-32925796.html,https://www.stern.de/reise/europa/ab-in-den-schnee--zehn-lohnenswerte-skigebiete-in-ganz-europa-fuer-jeden-geldbeutel-32925796.html,0,www.stern.de,Saisonstart: Ab in den Schnee: zehn lohnenswerte Skigebiete in ganz Europa – und für jeden Geldbeutel,"Spätestens im Dezember wird die Skisaison in Europas Wintersport-Hochburgen eröffnet. Steigende Preise schmälern die Vorfreude vieler Wintersportler allerdings. Wir zeigen Ihnen, welche Skigebiete sich in diesem Jahr trotzdem lohnen.",https://image.stern.de/32926084/t/bB/v10/w1440/r1.7778/-/deutschland.jpg,2022-11-21T16:11:00Z,https://web.archive.org/web/20221121162232/https://www.stern.de/reise/europa/ab-in-den-schnee--zehn-lohnenswerte-skigebiete-in-ganz-europa-fuer-jeden-geldbeutel-32925796.html,"Inflation, Energiekrise und Pandemie die Deutschen sind im Sparmodus. Das wirkt sich auch auf die Reisepläne aus, wie eine aktuelle Studie des Meinungsforschungsinstituts Yougov zeigt. Demnach wollen… [+1190 chars]",,de,'Ski Winter'
https://www.zeit.de/news/2022-11/22/flutschutztore-in-venedig-aktiviert-unwetter-in-italien,https://www.zeit.de/news/2022-11/22/flutschutztore-in-venedig-aktiviert-unwetter-in-italien,0,www.zeit.de,Hochwasser: Flutschutztore in Venedig aktiviert - Unwetter in Italien,,,2022-11-22T11:04:53Z,https://web.archive.org/web/20221122112407/https://www.zeit.de/news/2022-11/22/flutschutztore-in-venedig-aktiviert-unwetter-in-italien,"When browsing with ads:
We collect personal data and also transmit it to third-party providers
 that help us improve and finance our digital content. Some of the information stored on your device, … [+732 chars]",,de,'Hochwasser'
https://www.tagesschau.de/ausland/italien-unwetter-133.html,https://www.tagesschau.de/ausland/italien-unwetter-133.html,0,www.tagesschau.de,Venedig fährt wegen Hochwassers Flutschutztore aus,"So beliebt die Kanäle der Stadt Venedig bei Touristen sind, so sehr sind sie im Herbst anfällig für Hochwasser - auch in diesem Jahr. Derzeit gilt die höchste Warnstufe. Die Stadt hat ihren Flutschutz aktiviert.",https://www.tagesschau.de/multimedia/bilder/venedig-hochwasser-127~_v-original.jpg,2022-11-22T13:19:54Z,https://web.archive.org/web/20221122132135/http://www.tagesschau.de/ausland/italien-unwetter-133.html,"So beliebt die Kanäle der Stadt Venedig bei Touristen sind, so sehr sind sie im Herbst anfällig für Hochwasser - auch in diesem Jahr. Derzeit gilt die höchste Warnstufe. Die Stadt hat ihren Flutschut… [+1344 chars]",,de,'Hochwasser'
https://www.sueddeutsche.de/bayern/bayern-mittelgebirge-skigebiete-wintersportgebiete-saison-1.5701104,https://www.sueddeutsche.de/bayern/bayern-mittelgebirge-skigebiete-wintersportgebiete-saison-1.5701104,0,www.sueddeutsche.de,Tourismus in Bayern: Skigebiete hoffen auf eine gute Saison,"Die Preise werden steigen, beheizte Sessellifte wird es kaum noch geben. Dennoch sind die Seilbahnbetreiber optimistisch, sie setzen auf einen Nachholeffekt.",https://www.sueddeutsche.de/assets/png/sz-ecb090256670a577bd629a9718686332.png,2022-11-22T15:14:03Z,https://web.archive.org/web/20221122152216/https://www.sueddeutsche.de/bayern/bayern-mittelgebirge-skigebiete-wintersportgebiete-saison-1.5701104,"Die Preise werden steigen, beheizte Sessellifte wird es kaum noch geben. Dennoch sind die Seilbahnbetreiber optimistisch, sie setzen auf einen Nachholeffekt.Die deutschen Ski- und Wintersportgebiete … [+2167 chars]",,de,'Ski Tourismus'
https://orf.at/stories/3294855/,https://orf.at/stories/3294855/,0,orf.at,Hochwasser in Venedig auf Rekordhoch,,https://orf.at/mojo/1_4_1/storyserver//news/common/images/og-fallback-news.png,2022-11-22T16:33:49Z,https://web.archive.org/web/20221122173658/https://orf.at/stories/3294855/,"Schwere Unwetter haben heute Italien heimgesucht. Wegen Hochwasser in Venedig wurde das Dammsystem MOSE aktiviert, um die Lagunenstadt vor einer Flut zu schützen. Zwischen 10.30 und 10.40 Uhr erreich… [+1661 chars]",,de,'Hochwasser'
https://www.stern.de/sport/ski-alpin--dressen-will-zurueck-in-die-weltspitze--keine-hauruckaktionen-32939642.html,https://www.stern.de/sport/ski-alpin--dressen-will-zurueck-in-die-weltspitze--keine-hauruckaktionen-32939642.html,0,www.stern.de,Ski alpin: Dreßen will zurück in die Weltspitze: Keine Hauruckaktionen,Lake Louise - Deutschlands bester Abfahrer Thomas Dreßen will sich schnellstmöglich wieder in der alpinen Weltspitze,https://image.stern.de/32939644/t/Wk/v1/w1440/r1.7778/-/23--urnnewsmldpacom2009010122112399627410v2w800h600l911t311r2431b1323jpeg---f10a8910e79caadb.jpg,2022-11-23T07:12:14Z,https://web.archive.org/web/20221123082715/https://www.stern.de/sport/ski-alpin--dressen-will-zurueck-in-die-weltspitze--keine-hauruckaktionen-32939642.html,"Deutschlands bester Abfahrer Thomas Dreßen will sich schnellstmöglich wieder in der alpinen Weltspitze etablieren.
Deutschlands bester Abfahrer Thomas Dreßen will sich schnellstmöglich wieder in der… [+1116 chars]",,de,'Ski'
https://www.stern.de/sport/ski-alpin--dressen-zurueck-auf-der-skipiste---will-dahin--wo-ich-war--32939642.html,https://www.stern.de/sport/ski-alpin--dressen-zurueck-auf-der-skipiste---will-dahin--wo-ich-war--32939642.html,0,www.stern.de,"Ski alpin: Dreßen zurück auf der Skipiste: ""Will dahin, wo ich war""",Deutschlands bester Abfahrer ist wieder da! In Lake Louise fährt Thomas Dreßen sein erstes Weltcup-Rennen seit März 2020. Comeback in Lake Louise? Da war doch was.,https://image.stern.de/32939644/t/r7/v2/w1440/r1.7778/-/23--urnnewsmldpacom2009010122112399627410v2w800h600l911t311r2431b1323jpeg---f10a8910e79caadb.jpg,2022-11-23T09:42:27Z,https://web.archive.org/web/20221123095730/https://www.stern.de/sport/ski-alpin--dressen-zurueck-auf-der-skipiste---will-dahin--wo-ich-war--32939642.html,"Deutschlands bester Abfahrer ist wieder da! In Lake Louise fährt Thomas Dreßen sein erstes Weltcup-Rennen seit März 2020. Comeback in Lake Louise? Da war doch was.
Seine gute Laune hat Skirennfahrer… [+3056 chars]",,de,'Ski'
https://www.stern.de/panorama/venedig-aktiviert-flutschutz---und-entgeht-hochwasser-katastrophe-32939914.html,https://www.stern.de/panorama/venedig-aktiviert-flutschutz---und-entgeht-hochwasser-katastrophe-32939914.html,0,www.stern.de,Unwetter in Italien: Venedig aktiviert Flutschutz – und entgeht Hochwasser-Katastrophe,Höchste Warnstufe in Venedig: Die Stadt hat nach einem Unwetter die Flutschutztore aktiviert. Seit 2020 hat das Schutzsystem mehrere Hochwasser-Katastrophen verhindert.,https://image.stern.de/32940020/t/BF/v3/w1440/r1.7778/-/venedig-italien-flut-hochwasser.jpg,2022-11-23T09:46:00Z,https://web.archive.org/web/20221123095112/https://www.stern.de/panorama/venedig-aktiviert-flutschutz---und-entgeht-hochwasser-katastrophe-32939914.html,"Höchste Warnstufe in Venedig: Die Stadt hat nach einem Unwetter die Flutschutztore aktiviert. Seit 2020 hat das Schutzsystem mehrere Hochwasser-Katastrophen verhindert.
Die norditalienische Stadt Ve… [+1854 chars]",,de,'Hochwasser'
https://www.urlaubspiraten.de/hotels/snowit-hotel-fantelli,https://www.urlaubspiraten.de/hotels/snowit-hotel-fantelli,0,www.urlaubspiraten.de,Spontaner Ski-Urlaub über die Feiertage ,1 Woche Südtirol mit Skipass & im 3* Hotel inkl. Halbpension & Sauna | direkt am Lift gelegen ⛷,https://image.urlaubspiraten.de/720/image/upload/v1603287896/mediavault_images/wq6jksbchyv2oavutmc7.jpg,2022-11-23T14:31:00Z,https://web.archive.org/web/20221123150250/https://www.urlaubspiraten.de/hotels/snowit-hotel-fantelli,"Ahoi Piraten! 
Wer würde über die Feiertage gern in den Skiurlaub fahren? So kurzfristig ist eigentlich meistens alles unbezahlbar und ausgebucht! Doch bei snowit haben wir ein top Angebot zum Black… [+886 chars]",,de,'Ski'
https://www.handelsblatt.com/technik/it-internet/online-gebrauchtwagenhaendler-auto1-will-trotz-vieler-huerden-schwarze-zahlen-schreiben/28825038.html,https://www.handelsblatt.com/technik/it-internet/online-gebrauchtwagenhaendler-auto1-will-trotz-vieler-huerden-schwarze-zahlen-schreiben/28825038.html,0,www.handelsblatt.com,Online-Gebrauchtwagenhändler: Auto1 will trotz vieler Hürden schwarze Zahlen schreiben,"Der Aktienkurs ist am Boden, Investoren sind skeptisch. Auto-1-Chef Bertermann sieht zudem anhaltend schwere Zeiten im Gebrauchtwagenmarkt.",https://www.handelsblatt.com/images/autohandel/28827272/2-format2003.jpg,2022-11-23T15:04:03Z,https://web.archive.org/web/20221123160733/https://www.handelsblatt.com/technik/it-internet/online-gebrauchtwagenhaendler-auto1-will-trotz-vieler-huerden-schwarze-zahlen-schreiben/28825038.html,Berlin Der Online-Gebrauchtwagenhändler Auto1 hat seit seinem Börsengang im Februar 2021 noch nie Gewinn gemacht. Im vergangenen Jahr verbuchte die Berliner Firma einen bereinigten Betriebsverlust (E… [+5811 chars],,de,'Auto'
https://tirol.orf.at/stories/3183529/,https://tirol.orf.at/stories/3183529/,0,tirol.orf.at,80 neue Seilbahnen mit Tiroler Know How,Die Südtiroler HTI Unternehmensgruppe mit einer Niederlassung in Telfs hat heuer über den Sommer weltweit 80 neue Seilbahnen errichtet. Rund ein Drittel davon in Nordamerika. Vier Leitner-Seilbahnen werden in Tirol im kommenden Winter Skitouristen befördern.,https://ibs.orf.at/tir?image=https%3A%2F%2Foekastatic.orf.at%2Fmims%2F2022%2F48%2F49%2Fcrops%2Fw%3D1200%2Ch%3D627%2Cq%3D75%2F1582636_master_579349_hoadlbahn-07-11-2022-11.jpg%3Fs%3D043aeeb34ce0703a4e27cea5a192d638ff48fca8,2022-11-24T05:13:52Z,,"Die HTI-Unternehmensgruppe mit ihren Marken Leitner, Poma, Bartholeth, Prinoth und Demaclenko legt bei Seilbahnen, Pistengeräten und Schneekanonen zunehmend den Fokus auf Energieverbrauch und Betrieb… [+2283 chars]",,de,'Ski Winter'
https://www.stern.de/sport/ski-nordisch--geiger-macht-sich--grosse-sorgen--um-kombination-32943224.html,https://www.stern.de/sport/ski-nordisch--geiger-macht-sich--grosse-sorgen--um-kombination-32943224.html,0,www.stern.de,"Ski nordisch: Geiger macht sich ""große Sorgen"" um Kombination",Olympiasieger Vinzenz Geiger hat angesichts des drohenden Olympia-Endes für die Nordische Kombination Befürchtungen um seine Sportart.,https://image.stern.de/32943226/t/Yb/v1/w1440/r1.7778/-/24--urnnewsmldpacom2009010122112499642392v3w800h600l360t502r1640b1355jpeg---5c1d72f7cae755fc.jpg,2022-11-24T06:39:52Z,,"Olympiasieger Vinzenz Geiger hat angesichts des drohenden Olympia-Endes für die Nordische Kombination Befürchtungen um seine Sportart.
Olympiasieger Vinzenz Geiger hat angesichts des drohenden Olymp… [+1418 chars]",,de,'Ski'
https://www.zeit.de/news/2022-11/24/geiger-macht-sich-grosse-sorgen-um-kombination,https://www.zeit.de/news/2022-11/24/geiger-macht-sich-grosse-sorgen-um-kombination,0,www.zeit.de,Ski nordisch: Geiger macht sich «große Sorgen» um Kombination,,,2022-11-24T06:39:52Z,,"When browsing with ads:
We collect personal data and also transmit it to third-party providers
 that help us improve and finance our digital content. Some of the information stored on your device, … [+732 chars]",,de,'Ski'
https://www.stern.de/sport/ski-nordisch--olympia-aus-droht---duestere-wolken--ueber-kombinierer-start-32943224.html,https://www.stern.de/sport/ski-nordisch--olympia-aus-droht---duestere-wolken--ueber-kombinierer-start-32943224.html,0,www.stern.de,"Ski nordisch: Olympia-Aus droht: ""Düstere Wolken"" über Kombinierer-Start","Bei Winterspielen räumen deutsche Kombinierer regelmäßig ab. Die Olympia-Zukunft des Sports steht nun auf der Kippe. Der Rekordweltmeister hat Ideen, was sich in der Traditionssportart ändern muss.",https://image.stern.de/32943226/t/qu/v2/w1440/r1.7778/-/24--urnnewsmldpacom2009010122112499642392v3w800h600l360t502r1640b1355jpeg---5c1d72f7cae755fc.jpg,2022-11-24T09:28:54Z,,"Bei Winterspielen räumen deutsche Kombinierer regelmäßig ab. Die Olympia-Zukunft des Sports steht nun auf der Kippe. Der Rekordweltmeister hat Ideen, was sich in der Traditionssportart ändern muss.
… [+3718 chars]",,de,'Ski Winter'
